Stock_Search_List,Group
stpk,1
star peak energy transition,1
stem,2
stem,2
pltr,3
palantir,3
tsla,4
tesla,4
x,5
united states steel,5
hood,6
robinhood,6
adgi,7
adagio,7
ocgn,8
ocugen,8
gme,9
gamestop,9
msft,10
microsoft,10
fb,11
facebook,11
prog,12
progenity,12
amc,13
amc,13
su,14
suncor,14
sand,15
sandstorm gold,15
nvda,16
nvidia,16
crsr,17
corsair,17
spce,18
virgin galactic holdings,18
uwmc,19
uwm,19
bbby,20
bed bath & beyond,20
plug,21
plug power,21
enph,22
enphase energy,22
qs,23
quantumscape,23
nga,24
northern genesis acquisition,24
mp,25
mp materials,25
dis,26
disney,26
dkng,27
draftkings,27
irdm,28
iridium,28
imvt,29
immunovant,29
bwmx,30
betterware,30
ahco,31
adapthealth,31
sbe,32
switchback energy/chargepoint,32
rpay,33
repay,33
lpro,34
open lending,34
zom,35
zomedica,35
zm,36
zoom video communications,36
cciv,37
churchill captial iv,37
dq,38
daqo new energy,38
jks,39
jinkosolar,39
run,40
sunrun,40
csiq,41
canadian solar,41
sedg,42
solaredge technologies,42
mrna,43
moderna,43
nvax,44
novavax,44
mrk,45
merck,45
amd,46
advanced micro devices,46
twtr,47
twitter,47
fslr,48
first solar,48
ride,49
lordstown,49
wkhs,50
workhorse,50
nkla,51
nikola,51
blnk,52
blink charging,52
xpev,53
xpeng,53
li,54
li auto,54
f,55
ford,55
abnb,56
airbnb,56
nio,57
nio,57
sq,58
square,58
coin,59
coinbase,59
dash,60
doordash,60
snow,61
snowflake,61
bb,62
blackberry,62
spy,63
spdr 500,63
